{
  "min": [
    2.0,
    19.81612368651368,
    32.912749547751744,
    72.2683252357586,
    129.6212557776914,
    20291.710654990005,
    33702.655536897786,
    1024.0,
    100.0,
    50.0
  ],
  "max": [
    79.0,
    5510.254968776156,
    5116.015457686093,
    1235.7424103712997,
    2367.310012705198,
    5642501.088026783,
    5238799.828670559,
    1024.0,
    100.0,
    50.0
  ]
}